[
    {
        "timestamp":1735948800000,
        "volume":1977584.79,
        "date":"2025-01-04T00:00:00.000"
    },
    {
        "timestamp":1736035200000,
        "volume":1425122.76,
        "date":"2025-01-05T00:00:00.000"
    },
    {
        "timestamp":1736121600000,
        "volume":1277909.0900000001,
        "date":"2025-01-06T00:00:00.000"
    },
    {
        "timestamp":1736208000000,
        "volume":2135001.4700000002,
        "date":"2025-01-07T00:00:00.000"
    },
    {
        "timestamp":1736294400000,
        "volume":2438835.5099999998,
        "date":"2025-01-08T00:00:00.000"
    },
    {
        "timestamp":1736380800000,
        "volume":2931552.9700000002,
        "date":"2025-01-09T00:00:00.000"
    },
    {
        "timestamp":1736467200000,
        "volume":2867457.8100000001,
        "date":"2025-01-10T00:00:00.000"
    },
    {
        "timestamp":1736553600000,
        "volume":2671043.77,
        "date":"2025-01-11T00:00:00.000"
    },
    {
        "timestamp":1736640000000,
        "volume":1319468.71,
        "date":"2025-01-12T00:00:00.000"
    },
    {
        "timestamp":1736726400000,
        "volume":1746921.23,
        "date":"2025-01-13T00:00:00.000"
    },
    {
        "timestamp":1736812800000,
        "volume":3832829.6499999999,
        "date":"2025-01-14T00:00:00.000"
    },
    {
        "timestamp":1736899200000,
        "volume":2248436.54,
        "date":"2025-01-15T00:00:00.000"
    },
    {
        "timestamp":1736985600000,
        "volume":2795179.25,
        "date":"2025-01-16T00:00:00.000"
    },
    {
        "timestamp":1737072000000,
        "volume":2525705.46,
        "date":"2025-01-17T00:00:00.000"
    },
    {
        "timestamp":1737158400000,
        "volume":3348022.8999999999,
        "date":"2025-01-18T00:00:00.000"
    },
    {
        "timestamp":1737244800000,
        "volume":2486868.1000000001,
        "date":"2025-01-19T00:00:00.000"
    },
    {
        "timestamp":1737331200000,
        "volume":3445523.8999999999,
        "date":"2025-01-20T00:00:00.000"
    },
    {
        "timestamp":1737417600000,
        "volume":5853975.2699999996,
        "date":"2025-01-21T00:00:00.000"
    },
    {
        "timestamp":1737504000000,
        "volume":3526790.0600000001,
        "date":"2025-01-22T00:00:00.000"
    },
    {
        "timestamp":1737590400000,
        "volume":2270732.8300000001,
        "date":"2025-01-23T00:00:00.000"
    },
    {
        "timestamp":1737676800000,
        "volume":3613792.3500000001,
        "date":"2025-01-24T00:00:00.000"
    },
    {
        "timestamp":1737763200000,
        "volume":2480788.1499999999,
        "date":"2025-01-25T00:00:00.000"
    },
    {
        "timestamp":1737849600000,
        "volume":1939945.97,
        "date":"2025-01-26T00:00:00.000"
    },
    {
        "timestamp":1737936000000,
        "volume":1989206.71,
        "date":"2025-01-27T00:00:00.000"
    },
    {
        "timestamp":1738022400000,
        "volume":4051879.27,
        "date":"2025-01-28T00:00:00.000"
    },
    {
        "timestamp":1738108800000,
        "volume":2092487.1299999999,
        "date":"2025-01-29T00:00:00.000"
    },
    {
        "timestamp":1738195200000,
        "volume":2283372.6400000001,
        "date":"2025-01-30T00:00:00.000"
    },
    {
        "timestamp":1738281600000,
        "volume":2265501.0499999998,
        "date":"2025-01-31T00:00:00.000"
    },
    {
        "timestamp":1738368000000,
        "volume":2137285.0299999998,
        "date":"2025-02-01T00:00:00.000"
    },
    {
        "timestamp":1738454400000,
        "volume":1546811.05,
        "date":"2025-02-02T00:00:00.000"
    },
    {
        "timestamp":1738540800000,
        "volume":3042639.3700000001,
        "date":"2025-02-03T00:00:00.000"
    },
    {
        "timestamp":1738627200000,
        "volume":6062110.2999999998,
        "date":"2025-02-04T00:00:00.000"
    },
    {
        "timestamp":1738713600000,
        "volume":3165195.2999999998,
        "date":"2025-02-05T00:00:00.000"
    },
    {
        "timestamp":1738800000000,
        "volume":2416010.04,
        "date":"2025-02-06T00:00:00.000"
    },
    {
        "timestamp":1738886400000,
        "volume":2324829.8100000001,
        "date":"2025-02-07T00:00:00.000"
    },
    {
        "timestamp":1738972800000,
        "volume":2211954.5899999999,
        "date":"2025-02-08T00:00:00.000"
    },
    {
        "timestamp":1739059200000,
        "volume":1525429.3,
        "date":"2025-02-09T00:00:00.000"
    },
    {
        "timestamp":1739145600000,
        "volume":1952342.78,
        "date":"2025-02-10T00:00:00.000"
    },
    {
        "timestamp":1739232000000,
        "volume":3780983.75,
        "date":"2025-02-11T00:00:00.000"
    },
    {
        "timestamp":1739318400000,
        "volume":2178327.1200000001,
        "date":"2025-02-12T00:00:00.000"
    },
    {
        "timestamp":1739404800000,
        "volume":2945583.71,
        "date":"2025-02-13T00:00:00.000"
    },
    {
        "timestamp":1739491200000,
        "volume":1979569.71,
        "date":"2025-02-14T00:00:00.000"
    },
    {
        "timestamp":1739577600000,
        "volume":1927186.6899999999,
        "date":"2025-02-15T00:00:00.000"
    },
    {
        "timestamp":1739664000000,
        "volume":1199640.02,
        "date":"2025-02-16T00:00:00.000"
    },
    {
        "timestamp":1739750400000,
        "volume":1418703.6699999999,
        "date":"2025-02-17T00:00:00.000"
    },
    {
        "timestamp":1739836800000,
        "volume":2006775.5600000001,
        "date":"2025-02-18T00:00:00.000"
    },
    {
        "timestamp":1739923200000,
        "volume":2109164.3900000001,
        "date":"2025-02-19T00:00:00.000"
    },
    {
        "timestamp":1740009600000,
        "volume":1497707.9099999999,
        "date":"2025-02-20T00:00:00.000"
    },
    {
        "timestamp":1740096000000,
        "volume":1626355.6599999999,
        "date":"2025-02-21T00:00:00.000"
    },
    {
        "timestamp":1740182400000,
        "volume":2271307.48,
        "date":"2025-02-22T00:00:00.000"
    },
    {
        "timestamp":1740268800000,
        "volume":1504363.99,
        "date":"2025-02-23T00:00:00.000"
    },
    {
        "timestamp":1740355200000,
        "volume":1514844.1899999999,
        "date":"2025-02-24T00:00:00.000"
    },
    {
        "timestamp":1740441600000,
        "volume":2733076.2799999998,
        "date":"2025-02-25T00:00:00.000"
    },
    {
        "timestamp":1740528000000,
        "volume":4634177.8200000003,
        "date":"2025-02-26T00:00:00.000"
    },
    {
        "timestamp":1740614400000,
        "volume":3179366.3399999999,
        "date":"2025-02-27T00:00:00.000"
    },
    {
        "timestamp":1740700800000,
        "volume":2488079.4199999999,
        "date":"2025-02-28T00:00:00.000"
    },
    {
        "timestamp":1740787200000,
        "volume":4460095.8799999999,
        "date":"2025-03-01T00:00:00.000"
    },
    {
        "timestamp":1740873600000,
        "volume":1781172.99,
        "date":"2025-03-02T00:00:00.000"
    },
    {
        "timestamp":1740960000000,
        "volume":3668593.6299999999,
        "date":"2025-03-03T00:00:00.000"
    },
    {
        "timestamp":1741046400000,
        "volume":3481372.0699999998,
        "date":"2025-03-04T00:00:00.000"
    },
    {
        "timestamp":1741132800000,
        "volume":3193746.2799999998,
        "date":"2025-03-05T00:00:00.000"
    },
    {
        "timestamp":1741219200000,
        "volume":2310970.6499999999,
        "date":"2025-03-06T00:00:00.000"
    },
    {
        "timestamp":1741305600000,
        "volume":2284407.29,
        "date":"2025-03-07T00:00:00.000"
    },
    {
        "timestamp":1741392000000,
        "volume":3297206.4300000002,
        "date":"2025-03-08T00:00:00.000"
    },
    {
        "timestamp":1741478400000,
        "volume":1238626.5900000001,
        "date":"2025-03-09T00:00:00.000"
    },
    {
        "timestamp":1741564800000,
        "volume":1637106.3999999999,
        "date":"2025-03-10T00:00:00.000"
    },
    {
        "timestamp":1741651200000,
        "volume":3690210.1299999999,
        "date":"2025-03-11T00:00:00.000"
    },
    {
        "timestamp":1741737600000,
        "volume":4382816.0700000003,
        "date":"2025-03-12T00:00:00.000"
    },
    {
        "timestamp":1741824000000,
        "volume":4197698.79,
        "date":"2025-03-13T00:00:00.000"
    },
    {
        "timestamp":1741910400000,
        "volume":2854639.8900000001,
        "date":"2025-03-14T00:00:00.000"
    },
    {
        "timestamp":1741996800000,
        "volume":2762327.1499999999,
        "date":"2025-03-15T00:00:00.000"
    },
    {
        "timestamp":1742083200000,
        "volume":1733074.03,
        "date":"2025-03-16T00:00:00.000"
    },
    {
        "timestamp":1742169600000,
        "volume":1796542.3200000001,
        "date":"2025-03-17T00:00:00.000"
    },
    {
        "timestamp":1742256000000,
        "volume":2122586.7999999998,
        "date":"2025-03-18T00:00:00.000"
    },
    {
        "timestamp":1742342400000,
        "volume":2585025.2799999998,
        "date":"2025-03-19T00:00:00.000"
    },
    {
        "timestamp":1742428800000,
        "volume":2998618.1600000001,
        "date":"2025-03-20T00:00:00.000"
    },
    {
        "timestamp":1742515200000,
        "volume":2509558.27,
        "date":"2025-03-21T00:00:00.000"
    },
    {
        "timestamp":1742601600000,
        "volume":2804946.6400000001,
        "date":"2025-03-22T00:00:00.000"
    },
    {
        "timestamp":1742688000000,
        "volume":1826094.75,
        "date":"2025-03-23T00:00:00.000"
    },
    {
        "timestamp":1742774400000,
        "volume":3038414.4100000001,
        "date":"2025-03-24T00:00:00.000"
    },
    {
        "timestamp":1742860800000,
        "volume":3035493.9300000002,
        "date":"2025-03-25T00:00:00.000"
    },
    {
        "timestamp":1742947200000,
        "volume":2237890.1000000001,
        "date":"2025-03-26T00:00:00.000"
    },
    {
        "timestamp":1743033600000,
        "volume":2388261.7200000002,
        "date":"2025-03-27T00:00:00.000"
    },
    {
        "timestamp":1743120000000,
        "volume":2930067.6400000001,
        "date":"2025-03-28T00:00:00.000"
    },
    {
        "timestamp":1743206400000,
        "volume":2967011.29,
        "date":"2025-03-29T00:00:00.000"
    },
    {
        "timestamp":1743292800000,
        "volume":2410360.8399999999,
        "date":"2025-03-30T00:00:00.000"
    },
    {
        "timestamp":1743379200000,
        "volume":1947923.51,
        "date":"2025-03-31T00:00:00.000"
    },
    {
        "timestamp":1743465600000,
        "volume":2534879.1699999999,
        "date":"2025-04-01T00:00:00.000"
    },
    {
        "timestamp":1743552000000,
        "volume":2543572.29,
        "date":"2025-04-02T00:00:00.000"
    },
    {
        "timestamp":1743638400000,
        "volume":2702472.5099999998,
        "date":"2025-04-03T00:00:00.000"
    },
    {
        "timestamp":1743701534000,
        "volume":3052478.7599999998,
        "date":"2025-04-03T17:32:14.000"
    }
]