[
    {
        "timestamp":1735948800000,
        "volume":850889.15,
        "date":"2025-01-04T00:00:00.000"
    },
    {
        "timestamp":1736035200000,
        "volume":356001.54,
        "date":"2025-01-05T00:00:00.000"
    },
    {
        "timestamp":1736121600000,
        "volume":1261339.6399999999,
        "date":"2025-01-06T00:00:00.000"
    },
    {
        "timestamp":1736208000000,
        "volume":1159809.4399999999,
        "date":"2025-01-07T00:00:00.000"
    },
    {
        "timestamp":1736294400000,
        "volume":1754778.1499999999,
        "date":"2025-01-08T00:00:00.000"
    },
    {
        "timestamp":1736380800000,
        "volume":2365793.7999999998,
        "date":"2025-01-09T00:00:00.000"
    },
    {
        "timestamp":1736467200000,
        "volume":779990.9300000001,
        "date":"2025-01-10T00:00:00.000"
    },
    {
        "timestamp":1736553600000,
        "volume":2916344.1699999999,
        "date":"2025-01-11T00:00:00.000"
    },
    {
        "timestamp":1736640000000,
        "volume":2252413.5600000001,
        "date":"2025-01-12T00:00:00.000"
    },
    {
        "timestamp":1736726400000,
        "volume":2508312.3900000001,
        "date":"2025-01-13T00:00:00.000"
    },
    {
        "timestamp":1736812800000,
        "volume":2756628.0600000001,
        "date":"2025-01-14T00:00:00.000"
    },
    {
        "timestamp":1736899200000,
        "volume":3063821.6000000001,
        "date":"2025-01-15T00:00:00.000"
    },
    {
        "timestamp":1736985600000,
        "volume":2032756.4099999999,
        "date":"2025-01-16T00:00:00.000"
    },
    {
        "timestamp":1737072000000,
        "volume":2366582.3199999998,
        "date":"2025-01-17T00:00:00.000"
    },
    {
        "timestamp":1737158400000,
        "volume":2411131.0899999999,
        "date":"2025-01-18T00:00:00.000"
    },
    {
        "timestamp":1737244800000,
        "volume":3127520.1000000001,
        "date":"2025-01-19T00:00:00.000"
    },
    {
        "timestamp":1737331200000,
        "volume":2770133.4100000001,
        "date":"2025-01-20T00:00:00.000"
    },
    {
        "timestamp":1737417600000,
        "volume":3291309.21,
        "date":"2025-01-21T00:00:00.000"
    },
    {
        "timestamp":1737504000000,
        "volume":3398849.71,
        "date":"2025-01-22T00:00:00.000"
    },
    {
        "timestamp":1737590400000,
        "volume":2654693.21,
        "date":"2025-01-23T00:00:00.000"
    },
    {
        "timestamp":1737676800000,
        "volume":1986279.78,
        "date":"2025-01-24T00:00:00.000"
    },
    {
        "timestamp":1737763200000,
        "volume":1590855.8600000001,
        "date":"2025-01-25T00:00:00.000"
    },
    {
        "timestamp":1737849600000,
        "volume":1267263.24,
        "date":"2025-01-26T00:00:00.000"
    },
    {
        "timestamp":1737936000000,
        "volume":777611.39,
        "date":"2025-01-27T00:00:00.000"
    },
    {
        "timestamp":1738022400000,
        "volume":2276411.7400000002,
        "date":"2025-01-28T00:00:00.000"
    },
    {
        "timestamp":1738108800000,
        "volume":835323.2,
        "date":"2025-01-29T00:00:00.000"
    },
    {
        "timestamp":1738195200000,
        "volume":1629962.77,
        "date":"2025-01-30T00:00:00.000"
    },
    {
        "timestamp":1738281600000,
        "volume":2179488.5,
        "date":"2025-01-31T00:00:00.000"
    },
    {
        "timestamp":1738368000000,
        "volume":1787273.6200000001,
        "date":"2025-02-01T00:00:00.000"
    },
    {
        "timestamp":1738454400000,
        "volume":1296077.9199999999,
        "date":"2025-02-02T00:00:00.000"
    },
    {
        "timestamp":1738540800000,
        "volume":1553099.7,
        "date":"2025-02-03T00:00:00.000"
    },
    {
        "timestamp":1738627200000,
        "volume":2313695.5699999998,
        "date":"2025-02-04T00:00:00.000"
    },
    {
        "timestamp":1738713600000,
        "volume":1036576.51,
        "date":"2025-02-05T00:00:00.000"
    },
    {
        "timestamp":1738800000000,
        "volume":929275.8,
        "date":"2025-02-06T00:00:00.000"
    },
    {
        "timestamp":1738886400000,
        "volume":1279580.8300000001,
        "date":"2025-02-07T00:00:00.000"
    },
    {
        "timestamp":1738972800000,
        "volume":391263.32,
        "date":"2025-02-08T00:00:00.000"
    },
    {
        "timestamp":1739059200000,
        "volume":1905759.71,
        "date":"2025-02-09T00:00:00.000"
    },
    {
        "timestamp":1739145600000,
        "volume":855908.77,
        "date":"2025-02-10T00:00:00.000"
    },
    {
        "timestamp":1739232000000,
        "volume":1005935.15,
        "date":"2025-02-11T00:00:00.000"
    },
    {
        "timestamp":1739318400000,
        "volume":881677.72,
        "date":"2025-02-12T00:00:00.000"
    },
    {
        "timestamp":1739404800000,
        "volume":291136.36,
        "date":"2025-02-13T00:00:00.000"
    },
    {
        "timestamp":1739491200000,
        "volume":672404.02,
        "date":"2025-02-14T00:00:00.000"
    },
    {
        "timestamp":1739577600000,
        "volume":658532.21,
        "date":"2025-02-15T00:00:00.000"
    },
    {
        "timestamp":1739664000000,
        "volume":868104.89,
        "date":"2025-02-16T00:00:00.000"
    },
    {
        "timestamp":1739750400000,
        "volume":886529.3100000001,
        "date":"2025-02-17T00:00:00.000"
    },
    {
        "timestamp":1739836800000,
        "volume":1206187.1599999999,
        "date":"2025-02-18T00:00:00.000"
    },
    {
        "timestamp":1739923200000,
        "volume":1203577.6599999999,
        "date":"2025-02-19T00:00:00.000"
    },
    {
        "timestamp":1740009600000,
        "volume":1138656.1399999999,
        "date":"2025-02-20T00:00:00.000"
    },
    {
        "timestamp":1740096000000,
        "volume":1016478.09,
        "date":"2025-02-21T00:00:00.000"
    },
    {
        "timestamp":1740182400000,
        "volume":1232216.72,
        "date":"2025-02-22T00:00:00.000"
    },
    {
        "timestamp":1740268800000,
        "volume":1190299.8799999999,
        "date":"2025-02-23T00:00:00.000"
    },
    {
        "timestamp":1740355200000,
        "volume":763158.71,
        "date":"2025-02-24T00:00:00.000"
    },
    {
        "timestamp":1740441600000,
        "volume":485746.09,
        "date":"2025-02-25T00:00:00.000"
    },
    {
        "timestamp":1740528000000,
        "volume":2117213.8100000001,
        "date":"2025-02-26T00:00:00.000"
    },
    {
        "timestamp":1740614400000,
        "volume":1279612.3899999999,
        "date":"2025-02-27T00:00:00.000"
    },
    {
        "timestamp":1740700800000,
        "volume":1144003.6200000001,
        "date":"2025-02-28T00:00:00.000"
    },
    {
        "timestamp":1740787200000,
        "volume":914860.1899999999,
        "date":"2025-03-01T00:00:00.000"
    },
    {
        "timestamp":1740873600000,
        "volume":865314.0699999999,
        "date":"2025-03-02T00:00:00.000"
    },
    {
        "timestamp":1740960000000,
        "volume":904358.6899999999,
        "date":"2025-03-03T00:00:00.000"
    },
    {
        "timestamp":1741046400000,
        "volume":910589.36,
        "date":"2025-03-04T00:00:00.000"
    },
    {
        "timestamp":1741132800000,
        "volume":1375252.6100000001,
        "date":"2025-03-05T00:00:00.000"
    },
    {
        "timestamp":1741219200000,
        "volume":893606.28,
        "date":"2025-03-06T00:00:00.000"
    },
    {
        "timestamp":1741305600000,
        "volume":790394.1800000001,
        "date":"2025-03-07T00:00:00.000"
    },
    {
        "timestamp":1741392000000,
        "volume":1158386.5900000001,
        "date":"2025-03-08T00:00:00.000"
    },
    {
        "timestamp":1741478400000,
        "volume":801019.16,
        "date":"2025-03-09T00:00:00.000"
    },
    {
        "timestamp":1741564800000,
        "volume":1245901.5900000001,
        "date":"2025-03-10T00:00:00.000"
    },
    {
        "timestamp":1741651200000,
        "volume":1220608.1499999999,
        "date":"2025-03-11T00:00:00.000"
    },
    {
        "timestamp":1741737600000,
        "volume":1086361.6100000001,
        "date":"2025-03-12T00:00:00.000"
    },
    {
        "timestamp":1741824000000,
        "volume":827285.15,
        "date":"2025-03-13T00:00:00.000"
    },
    {
        "timestamp":1741910400000,
        "volume":554406.5,
        "date":"2025-03-14T00:00:00.000"
    },
    {
        "timestamp":1741996800000,
        "volume":1250482.6000000001,
        "date":"2025-03-15T00:00:00.000"
    },
    {
        "timestamp":1742083200000,
        "volume":511241.48,
        "date":"2025-03-16T00:00:00.000"
    },
    {
        "timestamp":1742169600000,
        "volume":1075202.74,
        "date":"2025-03-17T00:00:00.000"
    },
    {
        "timestamp":1742256000000,
        "volume":422841.84,
        "date":"2025-03-18T00:00:00.000"
    },
    {
        "timestamp":1742342400000,
        "volume":797375.53,
        "date":"2025-03-19T00:00:00.000"
    },
    {
        "timestamp":1742428800000,
        "volume":562443.95,
        "date":"2025-03-20T00:00:00.000"
    },
    {
        "timestamp":1742515200000,
        "volume":328643.14,
        "date":"2025-03-21T00:00:00.000"
    },
    {
        "timestamp":1742601600000,
        "volume":750034.22,
        "date":"2025-03-22T00:00:00.000"
    },
    {
        "timestamp":1742688000000,
        "volume":189039.74,
        "date":"2025-03-23T00:00:00.000"
    },
    {
        "timestamp":1742774400000,
        "volume":460959.38,
        "date":"2025-03-24T00:00:00.000"
    },
    {
        "timestamp":1742860800000,
        "volume":667834.61,
        "date":"2025-03-25T00:00:00.000"
    },
    {
        "timestamp":1742947200000,
        "volume":699402.3100000001,
        "date":"2025-03-26T00:00:00.000"
    },
    {
        "timestamp":1743033600000,
        "volume":483051.56,
        "date":"2025-03-27T00:00:00.000"
    },
    {
        "timestamp":1743120000000,
        "volume":797736.89,
        "date":"2025-03-28T00:00:00.000"
    },
    {
        "timestamp":1743206400000,
        "volume":649829.34,
        "date":"2025-03-29T00:00:00.000"
    },
    {
        "timestamp":1743292800000,
        "volume":963576.21,
        "date":"2025-03-30T00:00:00.000"
    },
    {
        "timestamp":1743379200000,
        "volume":744177.6800000001,
        "date":"2025-03-31T00:00:00.000"
    },
    {
        "timestamp":1743465600000,
        "volume":1023171.65,
        "date":"2025-04-01T00:00:00.000"
    },
    {
        "timestamp":1743552000000,
        "volume":874572.7,
        "date":"2025-04-02T00:00:00.000"
    },
    {
        "timestamp":1743638400000,
        "volume":367469.39,
        "date":"2025-04-03T00:00:00.000"
    },
    {
        "timestamp":1743701666000,
        "volume":577688.34,
        "date":"2025-04-03T17:34:26.000"
    }
]