[
    {
        "timestamp":1735948800000,
        "volume":540308.59,
        "date":"2025-01-04T00:00:00.000"
    },
    {
        "timestamp":1736035200000,
        "volume":582908.84,
        "date":"2025-01-05T00:00:00.000"
    },
    {
        "timestamp":1736121600000,
        "volume":210582.43,
        "date":"2025-01-06T00:00:00.000"
    },
    {
        "timestamp":1736208000000,
        "volume":885162.99,
        "date":"2025-01-07T00:00:00.000"
    },
    {
        "timestamp":1736294400000,
        "volume":339024.62,
        "date":"2025-01-08T00:00:00.000"
    },
    {
        "timestamp":1736380800000,
        "volume":455622.8,
        "date":"2025-01-09T00:00:00.000"
    },
    {
        "timestamp":1736467200000,
        "volume":384052.14,
        "date":"2025-01-10T00:00:00.000"
    },
    {
        "timestamp":1736553600000,
        "volume":333743.42,
        "date":"2025-01-11T00:00:00.000"
    },
    {
        "timestamp":1736640000000,
        "volume":217230.2,
        "date":"2025-01-12T00:00:00.000"
    },
    {
        "timestamp":1736726400000,
        "volume":174409.26,
        "date":"2025-01-13T00:00:00.000"
    },
    {
        "timestamp":1736812800000,
        "volume":270942.38,
        "date":"2025-01-14T00:00:00.000"
    },
    {
        "timestamp":1736899200000,
        "volume":262121.92,
        "date":"2025-01-15T00:00:00.000"
    },
    {
        "timestamp":1736985600000,
        "volume":306522.67,
        "date":"2025-01-16T00:00:00.000"
    },
    {
        "timestamp":1737072000000,
        "volume":288868.04,
        "date":"2025-01-17T00:00:00.000"
    },
    {
        "timestamp":1737158400000,
        "volume":234849.8,
        "date":"2025-01-18T00:00:00.000"
    },
    {
        "timestamp":1737244800000,
        "volume":470095.45,
        "date":"2025-01-19T00:00:00.000"
    },
    {
        "timestamp":1737331200000,
        "volume":430942.35,
        "date":"2025-01-20T00:00:00.000"
    },
    {
        "timestamp":1737417600000,
        "volume":265548.86,
        "date":"2025-01-21T00:00:00.000"
    },
    {
        "timestamp":1737504000000,
        "volume":249577.56,
        "date":"2025-01-22T00:00:00.000"
    },
    {
        "timestamp":1737590400000,
        "volume":290414.97,
        "date":"2025-01-23T00:00:00.000"
    },
    {
        "timestamp":1737676800000,
        "volume":201455.91,
        "date":"2025-01-24T00:00:00.000"
    },
    {
        "timestamp":1737763200000,
        "volume":254780.19,
        "date":"2025-01-25T00:00:00.000"
    },
    {
        "timestamp":1737849600000,
        "volume":180939.1,
        "date":"2025-01-26T00:00:00.000"
    },
    {
        "timestamp":1737936000000,
        "volume":191547.79,
        "date":"2025-01-27T00:00:00.000"
    },
    {
        "timestamp":1738022400000,
        "volume":276804.71,
        "date":"2025-01-28T00:00:00.000"
    },
    {
        "timestamp":1738108800000,
        "volume":248086.65,
        "date":"2025-01-29T00:00:00.000"
    },
    {
        "timestamp":1738195200000,
        "volume":205469.49,
        "date":"2025-01-30T00:00:00.000"
    },
    {
        "timestamp":1738281600000,
        "volume":202774.76,
        "date":"2025-01-31T00:00:00.000"
    },
    {
        "timestamp":1738368000000,
        "volume":174904.13,
        "date":"2025-02-01T00:00:00.000"
    },
    {
        "timestamp":1738454400000,
        "volume":273330.65,
        "date":"2025-02-02T00:00:00.000"
    },
    {
        "timestamp":1738540800000,
        "volume":295661.55,
        "date":"2025-02-03T00:00:00.000"
    },
    {
        "timestamp":1738627200000,
        "volume":279484.13,
        "date":"2025-02-04T00:00:00.000"
    },
    {
        "timestamp":1738713600000,
        "volume":130674.95,
        "date":"2025-02-05T00:00:00.000"
    },
    {
        "timestamp":1738800000000,
        "volume":126958.91,
        "date":"2025-02-06T00:00:00.000"
    },
    {
        "timestamp":1738886400000,
        "volume":246726.58,
        "date":"2025-02-07T00:00:00.000"
    },
    {
        "timestamp":1738972800000,
        "volume":230781.28,
        "date":"2025-02-08T00:00:00.000"
    },
    {
        "timestamp":1739059200000,
        "volume":125172.39,
        "date":"2025-02-09T00:00:00.000"
    },
    {
        "timestamp":1739145600000,
        "volume":182202.96,
        "date":"2025-02-10T00:00:00.000"
    },
    {
        "timestamp":1739232000000,
        "volume":120859.44,
        "date":"2025-02-11T00:00:00.000"
    },
    {
        "timestamp":1739318400000,
        "volume":72163.84,
        "date":"2025-02-12T00:00:00.000"
    },
    {
        "timestamp":1739404800000,
        "volume":91614.1,
        "date":"2025-02-13T00:00:00.000"
    },
    {
        "timestamp":1739491200000,
        "volume":83133.72,
        "date":"2025-02-14T00:00:00.000"
    },
    {
        "timestamp":1739577600000,
        "volume":106542.93,
        "date":"2025-02-15T00:00:00.000"
    },
    {
        "timestamp":1739664000000,
        "volume":76514.9,
        "date":"2025-02-16T00:00:00.000"
    },
    {
        "timestamp":1739750400000,
        "volume":62057.44,
        "date":"2025-02-17T00:00:00.000"
    },
    {
        "timestamp":1739836800000,
        "volume":45779.79,
        "date":"2025-02-18T00:00:00.000"
    },
    {
        "timestamp":1739923200000,
        "volume":176794.13,
        "date":"2025-02-19T00:00:00.000"
    },
    {
        "timestamp":1740009600000,
        "volume":82640.92,
        "date":"2025-02-20T00:00:00.000"
    },
    {
        "timestamp":1740096000000,
        "volume":65589.67,
        "date":"2025-02-21T00:00:00.000"
    },
    {
        "timestamp":1740182400000,
        "volume":180922.79,
        "date":"2025-02-22T00:00:00.000"
    },
    {
        "timestamp":1740268800000,
        "volume":88224.54,
        "date":"2025-02-23T00:00:00.000"
    },
    {
        "timestamp":1740355200000,
        "volume":57536.18,
        "date":"2025-02-24T00:00:00.000"
    },
    {
        "timestamp":1740441600000,
        "volume":103232.34,
        "date":"2025-02-25T00:00:00.000"
    },
    {
        "timestamp":1740528000000,
        "volume":107368.5,
        "date":"2025-02-26T00:00:00.000"
    },
    {
        "timestamp":1740614400000,
        "volume":110703.61,
        "date":"2025-02-27T00:00:00.000"
    },
    {
        "timestamp":1740700800000,
        "volume":75481.76,
        "date":"2025-02-28T00:00:00.000"
    },
    {
        "timestamp":1740787200000,
        "volume":115422.16,
        "date":"2025-03-01T00:00:00.000"
    },
    {
        "timestamp":1740873600000,
        "volume":66980.64,
        "date":"2025-03-02T00:00:00.000"
    },
    {
        "timestamp":1740960000000,
        "volume":125228.23,
        "date":"2025-03-03T00:00:00.000"
    },
    {
        "timestamp":1741046400000,
        "volume":158105.4,
        "date":"2025-03-04T00:00:00.000"
    },
    {
        "timestamp":1741132800000,
        "volume":153714.16,
        "date":"2025-03-05T00:00:00.000"
    },
    {
        "timestamp":1741219200000,
        "volume":110618.82,
        "date":"2025-03-06T00:00:00.000"
    },
    {
        "timestamp":1741305600000,
        "volume":85257.89,
        "date":"2025-03-07T00:00:00.000"
    },
    {
        "timestamp":1741392000000,
        "volume":91558.81,
        "date":"2025-03-08T00:00:00.000"
    },
    {
        "timestamp":1741478400000,
        "volume":2408765.5099999998,
        "date":"2025-03-09T00:00:00.000"
    },
    {
        "timestamp":1741564800000,
        "volume":7952050.9900000002,
        "date":"2025-03-10T00:00:00.000"
    },
    {
        "timestamp":1741651200000,
        "volume":2456621.9100000001,
        "date":"2025-03-11T00:00:00.000"
    },
    {
        "timestamp":1741737600000,
        "volume":682301.53,
        "date":"2025-03-12T00:00:00.000"
    },
    {
        "timestamp":1741824000000,
        "volume":657211.87,
        "date":"2025-03-13T00:00:00.000"
    },
    {
        "timestamp":1741910400000,
        "volume":875663.11,
        "date":"2025-03-14T00:00:00.000"
    },
    {
        "timestamp":1741996800000,
        "volume":495286.33,
        "date":"2025-03-15T00:00:00.000"
    },
    {
        "timestamp":1742083200000,
        "volume":354516.78,
        "date":"2025-03-16T00:00:00.000"
    },
    {
        "timestamp":1742169600000,
        "volume":181804.47,
        "date":"2025-03-17T00:00:00.000"
    },
    {
        "timestamp":1742256000000,
        "volume":180641.59,
        "date":"2025-03-18T00:00:00.000"
    },
    {
        "timestamp":1742342400000,
        "volume":156433.52,
        "date":"2025-03-19T00:00:00.000"
    },
    {
        "timestamp":1742428800000,
        "volume":125242.73,
        "date":"2025-03-20T00:00:00.000"
    },
    {
        "timestamp":1742515200000,
        "volume":107650.73,
        "date":"2025-03-21T00:00:00.000"
    },
    {
        "timestamp":1742601600000,
        "volume":345536.24,
        "date":"2025-03-22T00:00:00.000"
    },
    {
        "timestamp":1742688000000,
        "volume":242912.74,
        "date":"2025-03-23T00:00:00.000"
    },
    {
        "timestamp":1742774400000,
        "volume":165556.62,
        "date":"2025-03-24T00:00:00.000"
    },
    {
        "timestamp":1742860800000,
        "volume":179989.05,
        "date":"2025-03-25T00:00:00.000"
    },
    {
        "timestamp":1742947200000,
        "volume":156699.51,
        "date":"2025-03-26T00:00:00.000"
    },
    {
        "timestamp":1743033600000,
        "volume":89601.31,
        "date":"2025-03-27T00:00:00.000"
    },
    {
        "timestamp":1743120000000,
        "volume":127625.04,
        "date":"2025-03-28T00:00:00.000"
    },
    {
        "timestamp":1743206400000,
        "volume":10043.89,
        "date":"2025-03-29T00:00:00.000"
    },
    {
        "timestamp":1743292800000,
        "volume":15441.59,
        "date":"2025-03-30T00:00:00.000"
    },
    {
        "timestamp":1743379200000,
        "volume":6618.76,
        "date":"2025-03-31T00:00:00.000"
    },
    {
        "timestamp":1743465600000,
        "volume":19699.42,
        "date":"2025-04-01T00:00:00.000"
    },
    {
        "timestamp":1743552000000,
        "volume":9034.51,
        "date":"2025-04-02T00:00:00.000"
    },
    {
        "timestamp":1743638400000,
        "volume":13401.2,
        "date":"2025-04-03T00:00:00.000"
    },
    {
        "timestamp":1743701595000,
        "volume":9392.12,
        "date":"2025-04-03T17:33:15.000"
    }
]