[
    {
        "timestamp":1735948800000,
        "volume":1644981.3799999999,
        "date":"2025-01-04T00:00:00.000"
    },
    {
        "timestamp":1736035200000,
        "volume":930410.24,
        "date":"2025-01-05T00:00:00.000"
    },
    {
        "timestamp":1736121600000,
        "volume":939243.48,
        "date":"2025-01-06T00:00:00.000"
    },
    {
        "timestamp":1736208000000,
        "volume":1207429.5600000001,
        "date":"2025-01-07T00:00:00.000"
    },
    {
        "timestamp":1736294400000,
        "volume":778074.9300000001,
        "date":"2025-01-08T00:00:00.000"
    },
    {
        "timestamp":1736380800000,
        "volume":943327.41,
        "date":"2025-01-09T00:00:00.000"
    },
    {
        "timestamp":1736467200000,
        "volume":807661.54,
        "date":"2025-01-10T00:00:00.000"
    },
    {
        "timestamp":1736553600000,
        "volume":907774.79,
        "date":"2025-01-11T00:00:00.000"
    },
    {
        "timestamp":1736640000000,
        "volume":708994.62,
        "date":"2025-01-12T00:00:00.000"
    },
    {
        "timestamp":1736726400000,
        "volume":658691.65,
        "date":"2025-01-13T00:00:00.000"
    },
    {
        "timestamp":1736812800000,
        "volume":676743.85,
        "date":"2025-01-14T00:00:00.000"
    },
    {
        "timestamp":1736899200000,
        "volume":714654.39,
        "date":"2025-01-15T00:00:00.000"
    },
    {
        "timestamp":1736985600000,
        "volume":874777.3100000001,
        "date":"2025-01-16T00:00:00.000"
    },
    {
        "timestamp":1737072000000,
        "volume":1125414.8400000001,
        "date":"2025-01-17T00:00:00.000"
    },
    {
        "timestamp":1737158400000,
        "volume":1089167.1499999999,
        "date":"2025-01-18T00:00:00.000"
    },
    {
        "timestamp":1737244800000,
        "volume":1222835.76,
        "date":"2025-01-19T00:00:00.000"
    },
    {
        "timestamp":1737331200000,
        "volume":3992566.9399999999,
        "date":"2025-01-20T00:00:00.000"
    },
    {
        "timestamp":1737417600000,
        "volume":1390926.1799999999,
        "date":"2025-01-21T00:00:00.000"
    },
    {
        "timestamp":1737504000000,
        "volume":980344.88,
        "date":"2025-01-22T00:00:00.000"
    },
    {
        "timestamp":1737590400000,
        "volume":959181.01,
        "date":"2025-01-23T00:00:00.000"
    },
    {
        "timestamp":1737676800000,
        "volume":857708.65,
        "date":"2025-01-24T00:00:00.000"
    },
    {
        "timestamp":1737763200000,
        "volume":664463.89,
        "date":"2025-01-25T00:00:00.000"
    },
    {
        "timestamp":1737849600000,
        "volume":727277.48,
        "date":"2025-01-26T00:00:00.000"
    },
    {
        "timestamp":1737936000000,
        "volume":960899.13,
        "date":"2025-01-27T00:00:00.000"
    },
    {
        "timestamp":1738022400000,
        "volume":825965.79,
        "date":"2025-01-28T00:00:00.000"
    },
    {
        "timestamp":1738108800000,
        "volume":901839.41,
        "date":"2025-01-29T00:00:00.000"
    },
    {
        "timestamp":1738195200000,
        "volume":713173.59,
        "date":"2025-01-30T00:00:00.000"
    },
    {
        "timestamp":1738281600000,
        "volume":667436.13,
        "date":"2025-01-31T00:00:00.000"
    },
    {
        "timestamp":1738368000000,
        "volume":843424.58,
        "date":"2025-02-01T00:00:00.000"
    },
    {
        "timestamp":1738454400000,
        "volume":743044.92,
        "date":"2025-02-02T00:00:00.000"
    },
    {
        "timestamp":1738540800000,
        "volume":1062099.05,
        "date":"2025-02-03T00:00:00.000"
    },
    {
        "timestamp":1738627200000,
        "volume":1594526.98,
        "date":"2025-02-04T00:00:00.000"
    },
    {
        "timestamp":1738713600000,
        "volume":914971.01,
        "date":"2025-02-05T00:00:00.000"
    },
    {
        "timestamp":1738800000000,
        "volume":1054368.8600000001,
        "date":"2025-02-06T00:00:00.000"
    },
    {
        "timestamp":1738886400000,
        "volume":1458895.3,
        "date":"2025-02-07T00:00:00.000"
    },
    {
        "timestamp":1738972800000,
        "volume":975743.28,
        "date":"2025-02-08T00:00:00.000"
    },
    {
        "timestamp":1739059200000,
        "volume":749642.42,
        "date":"2025-02-09T00:00:00.000"
    },
    {
        "timestamp":1739145600000,
        "volume":791203.4300000001,
        "date":"2025-02-10T00:00:00.000"
    },
    {
        "timestamp":1739232000000,
        "volume":891065.01,
        "date":"2025-02-11T00:00:00.000"
    },
    {
        "timestamp":1739318400000,
        "volume":681930.34,
        "date":"2025-02-12T00:00:00.000"
    },
    {
        "timestamp":1739404800000,
        "volume":793112.13,
        "date":"2025-02-13T00:00:00.000"
    },
    {
        "timestamp":1739491200000,
        "volume":951510.6899999999,
        "date":"2025-02-14T00:00:00.000"
    },
    {
        "timestamp":1739577600000,
        "volume":700891.6899999999,
        "date":"2025-02-15T00:00:00.000"
    },
    {
        "timestamp":1739664000000,
        "volume":503237.47,
        "date":"2025-02-16T00:00:00.000"
    },
    {
        "timestamp":1739750400000,
        "volume":503691.46,
        "date":"2025-02-17T00:00:00.000"
    },
    {
        "timestamp":1739836800000,
        "volume":704059.11,
        "date":"2025-02-18T00:00:00.000"
    },
    {
        "timestamp":1739923200000,
        "volume":629269.2,
        "date":"2025-02-19T00:00:00.000"
    },
    {
        "timestamp":1740009600000,
        "volume":1203070.55,
        "date":"2025-02-20T00:00:00.000"
    },
    {
        "timestamp":1740096000000,
        "volume":1935351.05,
        "date":"2025-02-21T00:00:00.000"
    },
    {
        "timestamp":1740182400000,
        "volume":3133830.3199999998,
        "date":"2025-02-22T00:00:00.000"
    },
    {
        "timestamp":1740268800000,
        "volume":1023980.92,
        "date":"2025-02-23T00:00:00.000"
    },
    {
        "timestamp":1740355200000,
        "volume":733024.99,
        "date":"2025-02-24T00:00:00.000"
    },
    {
        "timestamp":1740441600000,
        "volume":781506.95,
        "date":"2025-02-25T00:00:00.000"
    },
    {
        "timestamp":1740528000000,
        "volume":2894043.8100000001,
        "date":"2025-02-26T00:00:00.000"
    },
    {
        "timestamp":1740614400000,
        "volume":782598.87,
        "date":"2025-02-27T00:00:00.000"
    },
    {
        "timestamp":1740700800000,
        "volume":827530.88,
        "date":"2025-02-28T00:00:00.000"
    },
    {
        "timestamp":1740787200000,
        "volume":677015.74,
        "date":"2025-03-01T00:00:00.000"
    },
    {
        "timestamp":1740873600000,
        "volume":595250.42,
        "date":"2025-03-02T00:00:00.000"
    },
    {
        "timestamp":1740960000000,
        "volume":664474.96,
        "date":"2025-03-03T00:00:00.000"
    },
    {
        "timestamp":1741046400000,
        "volume":794798.92,
        "date":"2025-03-04T00:00:00.000"
    },
    {
        "timestamp":1741132800000,
        "volume":1991426.8600000001,
        "date":"2025-03-05T00:00:00.000"
    },
    {
        "timestamp":1741219200000,
        "volume":719313.37,
        "date":"2025-03-06T00:00:00.000"
    },
    {
        "timestamp":1741305600000,
        "volume":1266426.4199999999,
        "date":"2025-03-07T00:00:00.000"
    },
    {
        "timestamp":1741392000000,
        "volume":767696.73,
        "date":"2025-03-08T00:00:00.000"
    },
    {
        "timestamp":1741478400000,
        "volume":626045.9,
        "date":"2025-03-09T00:00:00.000"
    },
    {
        "timestamp":1741564800000,
        "volume":945568.47,
        "date":"2025-03-10T00:00:00.000"
    },
    {
        "timestamp":1741651200000,
        "volume":801196.6800000001,
        "date":"2025-03-11T00:00:00.000"
    },
    {
        "timestamp":1741737600000,
        "volume":1065542.0900000001,
        "date":"2025-03-12T00:00:00.000"
    },
    {
        "timestamp":1741824000000,
        "volume":599046.7,
        "date":"2025-03-13T00:00:00.000"
    },
    {
        "timestamp":1741910400000,
        "volume":504431.46,
        "date":"2025-03-14T00:00:00.000"
    },
    {
        "timestamp":1741996800000,
        "volume":611350.23,
        "date":"2025-03-15T00:00:00.000"
    },
    {
        "timestamp":1742083200000,
        "volume":487767.59,
        "date":"2025-03-16T00:00:00.000"
    },
    {
        "timestamp":1742169600000,
        "volume":532652.33,
        "date":"2025-03-17T00:00:00.000"
    },
    {
        "timestamp":1742256000000,
        "volume":630219.0699999999,
        "date":"2025-03-18T00:00:00.000"
    },
    {
        "timestamp":1742342400000,
        "volume":673726.6,
        "date":"2025-03-19T00:00:00.000"
    },
    {
        "timestamp":1742428800000,
        "volume":615448.72,
        "date":"2025-03-20T00:00:00.000"
    },
    {
        "timestamp":1742515200000,
        "volume":747098.49,
        "date":"2025-03-21T00:00:00.000"
    },
    {
        "timestamp":1742601600000,
        "volume":723021.04,
        "date":"2025-03-22T00:00:00.000"
    },
    {
        "timestamp":1742688000000,
        "volume":678346.54,
        "date":"2025-03-23T00:00:00.000"
    },
    {
        "timestamp":1742774400000,
        "volume":551838.52,
        "date":"2025-03-24T00:00:00.000"
    },
    {
        "timestamp":1742860800000,
        "volume":752004.41,
        "date":"2025-03-25T00:00:00.000"
    },
    {
        "timestamp":1742947200000,
        "volume":1080606.96,
        "date":"2025-03-26T00:00:00.000"
    },
    {
        "timestamp":1743033600000,
        "volume":636943.6899999999,
        "date":"2025-03-27T00:00:00.000"
    },
    {
        "timestamp":1743120000000,
        "volume":514044.06,
        "date":"2025-03-28T00:00:00.000"
    },
    {
        "timestamp":1743206400000,
        "volume":670971.29,
        "date":"2025-03-29T00:00:00.000"
    },
    {
        "timestamp":1743292800000,
        "volume":605025.8199999999,
        "date":"2025-03-30T00:00:00.000"
    },
    {
        "timestamp":1743379200000,
        "volume":460657.25,
        "date":"2025-03-31T00:00:00.000"
    },
    {
        "timestamp":1743465600000,
        "volume":1074936.29,
        "date":"2025-04-01T00:00:00.000"
    },
    {
        "timestamp":1743552000000,
        "volume":546602.77,
        "date":"2025-04-02T00:00:00.000"
    },
    {
        "timestamp":1743638400000,
        "volume":552180.24,
        "date":"2025-04-03T00:00:00.000"
    },
    {
        "timestamp":1743701672000,
        "volume":617560.14,
        "date":"2025-04-03T17:34:32.000"
    }
]