[
    {
        "timestamp":1735948800000,
        "volume":1430940.6200000001,
        "date":"2025-01-04T00:00:00.000"
    },
    {
        "timestamp":1736035200000,
        "volume":1963361.9199999999,
        "date":"2025-01-05T00:00:00.000"
    },
    {
        "timestamp":1736121600000,
        "volume":1563035.1299999999,
        "date":"2025-01-06T00:00:00.000"
    },
    {
        "timestamp":1736208000000,
        "volume":2296764.21,
        "date":"2025-01-07T00:00:00.000"
    },
    {
        "timestamp":1736294400000,
        "volume":2612820.2400000002,
        "date":"2025-01-08T00:00:00.000"
    },
    {
        "timestamp":1736380800000,
        "volume":2671104.3900000001,
        "date":"2025-01-09T00:00:00.000"
    },
    {
        "timestamp":1736467200000,
        "volume":5526522.3399999999,
        "date":"2025-01-10T00:00:00.000"
    },
    {
        "timestamp":1736553600000,
        "volume":3884800.1899999999,
        "date":"2025-01-11T00:00:00.000"
    },
    {
        "timestamp":1736640000000,
        "volume":1978119.7,
        "date":"2025-01-12T00:00:00.000"
    },
    {
        "timestamp":1736726400000,
        "volume":1343475.8899999999,
        "date":"2025-01-13T00:00:00.000"
    },
    {
        "timestamp":1736812800000,
        "volume":2241997.71,
        "date":"2025-01-14T00:00:00.000"
    },
    {
        "timestamp":1736899200000,
        "volume":2055865.26,
        "date":"2025-01-15T00:00:00.000"
    },
    {
        "timestamp":1736985600000,
        "volume":2676737.0,
        "date":"2025-01-16T00:00:00.000"
    },
    {
        "timestamp":1737072000000,
        "volume":3099956.4500000002,
        "date":"2025-01-17T00:00:00.000"
    },
    {
        "timestamp":1737158400000,
        "volume":2733817.1600000001,
        "date":"2025-01-18T00:00:00.000"
    },
    {
        "timestamp":1737244800000,
        "volume":3427280.6699999999,
        "date":"2025-01-19T00:00:00.000"
    },
    {
        "timestamp":1737331200000,
        "volume":4014901.0800000001,
        "date":"2025-01-20T00:00:00.000"
    },
    {
        "timestamp":1737417600000,
        "volume":5372464.7199999997,
        "date":"2025-01-21T00:00:00.000"
    },
    {
        "timestamp":1737504000000,
        "volume":4078743.79,
        "date":"2025-01-22T00:00:00.000"
    },
    {
        "timestamp":1737590400000,
        "volume":2925027.3700000001,
        "date":"2025-01-23T00:00:00.000"
    },
    {
        "timestamp":1737676800000,
        "volume":2890607.8599999999,
        "date":"2025-01-24T00:00:00.000"
    },
    {
        "timestamp":1737763200000,
        "volume":3183161.3300000001,
        "date":"2025-01-25T00:00:00.000"
    },
    {
        "timestamp":1737849600000,
        "volume":2291362.04,
        "date":"2025-01-26T00:00:00.000"
    },
    {
        "timestamp":1737936000000,
        "volume":2214198.5099999998,
        "date":"2025-01-27T00:00:00.000"
    },
    {
        "timestamp":1738022400000,
        "volume":3139858.2000000002,
        "date":"2025-01-28T00:00:00.000"
    },
    {
        "timestamp":1738108800000,
        "volume":2618041.6899999999,
        "date":"2025-01-29T00:00:00.000"
    },
    {
        "timestamp":1738195200000,
        "volume":2485441.0299999998,
        "date":"2025-01-30T00:00:00.000"
    },
    {
        "timestamp":1738281600000,
        "volume":2686501.4399999999,
        "date":"2025-01-31T00:00:00.000"
    },
    {
        "timestamp":1738368000000,
        "volume":2034232.95,
        "date":"2025-02-01T00:00:00.000"
    },
    {
        "timestamp":1738454400000,
        "volume":2271494.79,
        "date":"2025-02-02T00:00:00.000"
    },
    {
        "timestamp":1738540800000,
        "volume":3086503.1699999999,
        "date":"2025-02-03T00:00:00.000"
    },
    {
        "timestamp":1738627200000,
        "volume":5014985.96,
        "date":"2025-02-04T00:00:00.000"
    },
    {
        "timestamp":1738713600000,
        "volume":3516766.5600000001,
        "date":"2025-02-05T00:00:00.000"
    },
    {
        "timestamp":1738800000000,
        "volume":2861288.6499999999,
        "date":"2025-02-06T00:00:00.000"
    },
    {
        "timestamp":1738886400000,
        "volume":2922407.7599999998,
        "date":"2025-02-07T00:00:00.000"
    },
    {
        "timestamp":1738972800000,
        "volume":3558412.1200000001,
        "date":"2025-02-08T00:00:00.000"
    },
    {
        "timestamp":1739059200000,
        "volume":3628956.25,
        "date":"2025-02-09T00:00:00.000"
    },
    {
        "timestamp":1739145600000,
        "volume":3070416.8799999999,
        "date":"2025-02-10T00:00:00.000"
    },
    {
        "timestamp":1739232000000,
        "volume":3212453.02,
        "date":"2025-02-11T00:00:00.000"
    },
    {
        "timestamp":1739318400000,
        "volume":3073316.3300000001,
        "date":"2025-02-12T00:00:00.000"
    },
    {
        "timestamp":1739404800000,
        "volume":3202606.8700000001,
        "date":"2025-02-13T00:00:00.000"
    },
    {
        "timestamp":1739491200000,
        "volume":3313401.6400000001,
        "date":"2025-02-14T00:00:00.000"
    },
    {
        "timestamp":1739577600000,
        "volume":3131834.1099999999,
        "date":"2025-02-15T00:00:00.000"
    },
    {
        "timestamp":1739664000000,
        "volume":2930648.1499999999,
        "date":"2025-02-16T00:00:00.000"
    },
    {
        "timestamp":1739750400000,
        "volume":2455182.3999999999,
        "date":"2025-02-17T00:00:00.000"
    },
    {
        "timestamp":1739836800000,
        "volume":3815427.6099999999,
        "date":"2025-02-18T00:00:00.000"
    },
    {
        "timestamp":1739923200000,
        "volume":4804325.7699999996,
        "date":"2025-02-19T00:00:00.000"
    },
    {
        "timestamp":1740009600000,
        "volume":2841046.6299999999,
        "date":"2025-02-20T00:00:00.000"
    },
    {
        "timestamp":1740096000000,
        "volume":2386004.5099999998,
        "date":"2025-02-21T00:00:00.000"
    },
    {
        "timestamp":1740182400000,
        "volume":3165025.3599999999,
        "date":"2025-02-22T00:00:00.000"
    },
    {
        "timestamp":1740268800000,
        "volume":3244445.3999999999,
        "date":"2025-02-23T00:00:00.000"
    },
    {
        "timestamp":1740355200000,
        "volume":2021553.2,
        "date":"2025-02-24T00:00:00.000"
    },
    {
        "timestamp":1740441600000,
        "volume":2270510.5299999998,
        "date":"2025-02-25T00:00:00.000"
    },
    {
        "timestamp":1740528000000,
        "volume":2809730.4900000002,
        "date":"2025-02-26T00:00:00.000"
    },
    {
        "timestamp":1740614400000,
        "volume":2722501.73,
        "date":"2025-02-27T00:00:00.000"
    },
    {
        "timestamp":1740700800000,
        "volume":2758394.5499999998,
        "date":"2025-02-28T00:00:00.000"
    },
    {
        "timestamp":1740787200000,
        "volume":2854983.2799999998,
        "date":"2025-03-01T00:00:00.000"
    },
    {
        "timestamp":1740873600000,
        "volume":2359544.54,
        "date":"2025-03-02T00:00:00.000"
    },
    {
        "timestamp":1740960000000,
        "volume":2479439.48,
        "date":"2025-03-03T00:00:00.000"
    },
    {
        "timestamp":1741046400000,
        "volume":2641212.2000000002,
        "date":"2025-03-04T00:00:00.000"
    },
    {
        "timestamp":1741132800000,
        "volume":2706496.6000000001,
        "date":"2025-03-05T00:00:00.000"
    },
    {
        "timestamp":1741219200000,
        "volume":2610719.73,
        "date":"2025-03-06T00:00:00.000"
    },
    {
        "timestamp":1741305600000,
        "volume":2364403.02,
        "date":"2025-03-07T00:00:00.000"
    },
    {
        "timestamp":1741392000000,
        "volume":2215744.8700000001,
        "date":"2025-03-08T00:00:00.000"
    },
    {
        "timestamp":1741478400000,
        "volume":2055328.4299999999,
        "date":"2025-03-09T00:00:00.000"
    },
    {
        "timestamp":1741564800000,
        "volume":2219951.7000000002,
        "date":"2025-03-10T00:00:00.000"
    },
    {
        "timestamp":1741651200000,
        "volume":4041507.1400000001,
        "date":"2025-03-11T00:00:00.000"
    },
    {
        "timestamp":1741737600000,
        "volume":5772348.6299999999,
        "date":"2025-03-12T00:00:00.000"
    },
    {
        "timestamp":1741824000000,
        "volume":4354329.1900000004,
        "date":"2025-03-13T00:00:00.000"
    },
    {
        "timestamp":1741910400000,
        "volume":7658100.5499999998,
        "date":"2025-03-14T00:00:00.000"
    },
    {
        "timestamp":1741996800000,
        "volume":4730752.9199999999,
        "date":"2025-03-15T00:00:00.000"
    },
    {
        "timestamp":1742083200000,
        "volume":1797885.3700000001,
        "date":"2025-03-16T00:00:00.000"
    },
    {
        "timestamp":1742169600000,
        "volume":2397562.0,
        "date":"2025-03-17T00:00:00.000"
    },
    {
        "timestamp":1742256000000,
        "volume":3542664.7200000002,
        "date":"2025-03-18T00:00:00.000"
    },
    {
        "timestamp":1742342400000,
        "volume":4308821.2699999996,
        "date":"2025-03-19T00:00:00.000"
    },
    {
        "timestamp":1742428800000,
        "volume":5944811.2599999998,
        "date":"2025-03-20T00:00:00.000"
    },
    {
        "timestamp":1742515200000,
        "volume":5523976.4199999999,
        "date":"2025-03-21T00:00:00.000"
    },
    {
        "timestamp":1742601600000,
        "volume":4431779.2400000002,
        "date":"2025-03-22T00:00:00.000"
    },
    {
        "timestamp":1742688000000,
        "volume":2094386.3799999999,
        "date":"2025-03-23T00:00:00.000"
    },
    {
        "timestamp":1742774400000,
        "volume":3709603.8300000001,
        "date":"2025-03-24T00:00:00.000"
    },
    {
        "timestamp":1742860800000,
        "volume":2300344.75,
        "date":"2025-03-25T00:00:00.000"
    },
    {
        "timestamp":1742947200000,
        "volume":2716817.6699999999,
        "date":"2025-03-26T00:00:00.000"
    },
    {
        "timestamp":1743033600000,
        "volume":1692757.3799999999,
        "date":"2025-03-27T00:00:00.000"
    },
    {
        "timestamp":1743120000000,
        "volume":2152331.8199999998,
        "date":"2025-03-28T00:00:00.000"
    },
    {
        "timestamp":1743206400000,
        "volume":1783905.96,
        "date":"2025-03-29T00:00:00.000"
    },
    {
        "timestamp":1743292800000,
        "volume":955334.95,
        "date":"2025-03-30T00:00:00.000"
    },
    {
        "timestamp":1743379200000,
        "volume":986175.03,
        "date":"2025-03-31T00:00:00.000"
    },
    {
        "timestamp":1743465600000,
        "volume":1208548.5600000001,
        "date":"2025-04-01T00:00:00.000"
    },
    {
        "timestamp":1743552000000,
        "volume":1392442.28,
        "date":"2025-04-02T00:00:00.000"
    },
    {
        "timestamp":1743638400000,
        "volume":1679175.8700000001,
        "date":"2025-04-03T00:00:00.000"
    },
    {
        "timestamp":1743701667000,
        "volume":1845870.6200000001,
        "date":"2025-04-03T17:34:27.000"
    }
]